--
-- for smpt mail setting
--

INSERT INTO `tb_option` (`option_name` , `option_value`) VALUES 
	('smtp_setting' , '{\"from_name\":\"[Market] Admin\",\"from\":\"GT_GameEmail@163.com\",\"host\":\"smtp.163.com\",\"smtp_secure\":\"ssl\",\"port\":\"994\",\"username\":\"GT_GameEmail@163.com\",\"password\":\"guoting1234\"}');
	
--
-- for link
--

INSERT INTO `tb_link` (`name` , `url` , `image` , `target` , `description`) VALUES 
	('GT Blog' , 'https://htmlgtmk.github.io/blog/' , '' , '_blank' , '郭挺的个人博客');
	
--
-- insert data for role
--

INSERT INTO `tb_role`(`id`, `parent_id`, `status`, `create_time`, `update_time`, `list_order`, `name`, `remark`) VALUES
	(3, 0, 1, unix_timestamp(), 0, 0, '分店主', '分店主可使用的权限'),
	(4, 0, 1, unix_timestamp(), 0, 0, '进货专员', '进货需使用的权限'),
	(5, 0, 1, unix_timestamp(), 0, 0, '人事管理员', '人事管理需使用的权限'),
	(6, 0, 1, unix_timestamp(), 0, 0, '收银员', '收银需使用的权限');

--
-- insert data for posts
--

INSERT INTO `tb_market_posts`(`id`, `name`, `salary`, `address`, `count`, `role`, `remark`) VALUES
	(3, '店铺管理员', '7500', '山东威海', '0', '3', '店铺管理员'),
	(4, '进货专员', '4000', '山东威海', '0', '4', '进货专员'),
	(5, '人事管理员', '4000', '山东威海', '0', '5', '人事管理员'),
	(6, 'hr', '6000', '山东威海', '0', '5', 'hr'),
	(7, '收银员', '4000', '山东威海', '0', '6', '收银员'),
	(8, '安保巡警', '6000', '山东威海', '0', '2', '安保巡警'),
	(9, '设备维护员', '6000', '山东威海', '0', '2', '设备维护员');
	
--
-- insert data for adminstrator
--

INSERT INTO `tb_adminstrator`(`id`, `user_login`, `name`, `mobile`, `user_pass`, `user_status`, `birthday`, `sex`, `create_time`, `post_id`) VALUES 
	(2, 'test001', '张雨绮', '17862700001', '###853362fa00d8afd68ddcbda655a1b156', '1', '0', '2', unix_timestamp(), '3'),
	(3, 'test002', '陈乔恩', '17862700002', '###853362fa00d8afd68ddcbda655a1b156', '1', '0', '2', unix_timestamp(), '3'),
	(4, 'test003', '张耀扬', '17862700003', '###853362fa00d8afd68ddcbda655a1b156', '1', '0', '1', unix_timestamp(), '3'),
	(5, 'test004', '陈自瑶', '17862700004', '###853362fa00d8afd68ddcbda655a1b156', '1', '0', '1', unix_timestamp(), '3'),
	(6, 'test005', '张开明', '17862700005', '###853362fa00d8afd68ddcbda655a1b156', '1', '0', '1', unix_timestamp(), '3'),
	(7, 'test006', '陈浩', '17862700006', '###853362fa00d8afd68ddcbda655a1b156', '1', '0', '1', unix_timestamp(), '3'),
	(8, 'test007', '陈倩倩', '17862700007', '###853362fa00d8afd68ddcbda655a1b156', '1', '0', '2', unix_timestamp(), '3'),
	(9, 'test008', '陈志朋', '17862700008', '###853362fa00d8afd68ddcbda655a1b156', '1', '0', '1', unix_timestamp(), '3'),
	(10, 'test009', '陈黄洁', '17862700009', '###853362fa00d8afd68ddcbda655a1b156', '1', '0', '2', unix_timestamp(), '3'),
	(11, 'test010', '陈西贝', '17862700010', '###853362fa00d8afd68ddcbda655a1b156', '1', '0', '2', unix_timestamp(), '3'),
	(12, 'test011', '陈阿伯', '17862700011', '###853362fa00d8afd68ddcbda655a1b156', '1', '0', '1', unix_timestamp(), '4'),
	(13, 'test012', '张永珍', '17862700012', '###853362fa00d8afd68ddcbda655a1b156', '1', '0', '2', unix_timestamp(), '4'),
	(14, 'test013', '王紫娇', '17862700013', '###853362fa00d8afd68ddcbda655a1b156', '1', '0', '2', unix_timestamp(), '4'),
	(15, 'test014', '王青铜', '17862700014', '###853362fa00d8afd68ddcbda655a1b156', '1', '0', '1', unix_timestamp(), '5'),
	(16, 'test015', '王昭耀', '17862700015', '###853362fa00d8afd68ddcbda655a1b156', '1', '0', '1', unix_timestamp(), '5'),
	(17, 'test016', '张骞复', '17862700016', '###853362fa00d8afd68ddcbda655a1b156', '1', '0', '1', unix_timestamp(), '5'),
	(18, 'test017', '王芳润', '17862700017', '###853362fa00d8afd68ddcbda655a1b156', '1', '0', '2', unix_timestamp(), '5'),
	(19, 'test018', '王馨萤', '17862700018', '###853362fa00d8afd68ddcbda655a1b156', '1', '0', '2', unix_timestamp(), '5'),
	(20, 'test019', '王孟煌', '17862700019', '###853362fa00d8afd68ddcbda655a1b156', '1', '0', '2', unix_timestamp(), '6'),
	(21, 'test020', '王时悦', '17862700020', '###853362fa00d8afd68ddcbda655a1b156', '1', '0', '1', unix_timestamp(), '6'),
	(22, 'test021', '李俊', '17862700021', '###853362fa00d8afd68ddcbda655a1b156', '1', '0', '1', unix_timestamp(), '6'),
	(23, 'test022', '李凉', '17862700022', '###853362fa00d8afd68ddcbda655a1b156', '1', '0', '1', unix_timestamp(), '6'),
	(24, 'test023', '李彩桦', '17862700023', '###853362fa00d8afd68ddcbda655a1b156', '1', '0', '2', unix_timestamp(), '6'),
	(25, 'test024', '李思捷', '17862700024', '###853362fa00d8afd68ddcbda655a1b156', '1', '0', '1', unix_timestamp(), '6'),
	(26, 'test025', '李思敏', '17862700025', '###853362fa00d8afd68ddcbda655a1b156', '1', '0', '2', unix_timestamp(), '6'),
	(27, 'test026', '李保田', '17862700026', '###853362fa00d8afd68ddcbda655a1b156', '1', '0', '1', unix_timestamp(), '6'),
	(28, 'test027', '李媛媛', '17862700027', '###853362fa00d8afd68ddcbda655a1b156', '1', '0', '2', unix_timestamp(), '6'),
	(29, 'test028', '李慧珍', '17862700028', '###853362fa00d8afd68ddcbda655a1b156', '1', '0', '2', unix_timestamp(), '6'),
	(30, 'test029', '李亦修', '17862700029', '###853362fa00d8afd68ddcbda655a1b156', '1', '0', '1', unix_timestamp(), '6'),
	(31, 'test030', '李芳', '17862700030', '###853362fa00d8afd68ddcbda655a1b156', '1', '0', '2', unix_timestamp(), '7'),
	(32, 'test031', '李超铉', '17862700031', '###853362fa00d8afd68ddcbda655a1b156', '1', '0', '1', unix_timestamp(), '7'),
	(33, 'test032', '杨尚昆', '17862700032', '###853362fa00d8afd68ddcbda655a1b156', '1', '0', '1', unix_timestamp(), '7'),
	(34, 'test033', '杨之炯', '17862700033', '###853362fa00d8afd68ddcbda655a1b156', '1', '0', '1', unix_timestamp(), '7'),
	(35, 'test034', '杨传堂', '17862700034', '###853362fa00d8afd68ddcbda655a1b156', '1', '0', '1', unix_timestamp(), '7'),
	(36, 'test035', '杨大峥', '17862700035', '###853362fa00d8afd68ddcbda655a1b156', '1', '0', '1', unix_timestamp(), '7'),
	(37, 'test036', '杨洁篪', '17862700036', '###853362fa00d8afd68ddcbda655a1b156', '1', '0', '1', unix_timestamp(), '7'),
	(38, 'test037', '杨童舒', '17862700037', '###853362fa00d8afd68ddcbda655a1b156', '1', '0', '2', unix_timestamp(), '7'),
	(39, 'test038', '杨宝忠', '17862700038', '###853362fa00d8afd68ddcbda655a1b156', '1', '0', '1', unix_timestamp(), '7'),
	(40, 'test039', '杨禄菲', '17862700039', '###853362fa00d8afd68ddcbda655a1b156', '1', '0', '2', unix_timestamp(), '7'),
	(41, 'test040', '杨艺禾', '17862700040', '###853362fa00d8afd68ddcbda655a1b156', '1', '0', '2', unix_timestamp(), '8'),
	(42, 'test041', '周涌', '17862700041', '###853362fa00d8afd68ddcbda655a1b156', '1', '0', '1', unix_timestamp(), '8'),
	(43, 'test042', '周湘花', '17862700042', '###853362fa00d8afd68ddcbda655a1b156', '1', '0', '2', unix_timestamp(), '8'),
	(44, 'test043', '周而复', '17862700043', '###853362fa00d8afd68ddcbda655a1b156', '1', '0', '1', unix_timestamp(), '8'),
	(45, 'test044', '周志宏', '17862700044', '###853362fa00d8afd68ddcbda655a1b156', '1', '0', '1', unix_timestamp(), '8'),
	(46, 'test045', '周国贤', '17862700045', '###853362fa00d8afd68ddcbda655a1b156', '1', '0', '1', unix_timestamp(), '8'),
	(47, 'test046', '周厚健', '17862700046', '###853362fa00d8afd68ddcbda655a1b156', '1', '0', '1', unix_timestamp(), '9'),
	(48, 'test047', '周立伟', '17862700047', '###853362fa00d8afd68ddcbda655a1b156', '1', '0', '1', unix_timestamp(), '9'),
	(49, 'test048', '周海媚', '17862700048', '###853362fa00d8afd68ddcbda655a1b156', '1', '0', '2', unix_timestamp(), '9'),
	(50, 'test049', '周蕙', '17862700049', '###853362fa00d8afd68ddcbda655a1b156', '1', '0', '2', unix_timestamp(), '9');
	
--
-- insert data for store
--

INSERT INTO `tb_store`(`id`, `name`, `status`, `address`, `adminstrator_id`, `create_time`) VALUES
	(1, 'GT商铺', '1', '山东威海', '2', unix_timestamp()),
	(2, 'GT商铺', '1', '山东威海', '3', unix_timestamp()),
	(3, 'GT商铺', '1', '北京市', '4', unix_timestamp()),
	(4, 'GT商铺', '1', '北京市', '5', unix_timestamp()),
	(5, 'GT商铺', '1', '上海市', '6', unix_timestamp()),
	(6, 'GT商铺', '1', '上海市', '7', unix_timestamp()),
	(7, 'GT商铺', '1', '湖南长沙', '8', unix_timestamp()),
	(8, 'GT商铺', '1', '广东广州', '9', unix_timestamp()),
	(9, 'GT商铺', '1', '广东深圳', '10', unix_timestamp()),
	(10, 'GT商铺', '1', '浙江杭州', '11', unix_timestamp());
	
--
-- insert data for terminal
--

INSERT INTO `tb_store_terminal`(`id`, `ip`, `salecount`, `status`, `store_id`, `remark`) VALUES 
	(1, '192.168.138.10', 0, 1, 1, ''),
	(2, '192.168.138.11', 0, 1, 1, ''),
	(3, '192.168.138.12', 0, 1, 2, ''),
	(4, '192.168.138.13', 0, 1, 2, ''),
	(5, '192.168.138.14', 0, 1, 3, ''),
	(6, '192.168.138.15', 0, 1, 3, ''),
	(7, '192.168.138.16', 0, 1, 4, ''),
	(8, '192.168.138.17', 0, 1, 4, ''),
	(9, '192.168.138.18', 0, 1, 5, ''),
	(10, '192.168.138.19', 0, 1, 5, ''),
	(11, '192.168.138.20', 0, 1, 6, ''),
	(12, '192.168.138.21', 0, 1, 6, ''),
	(13, '192.168.138.22', 0, 1, 7, ''),
	(14, '192.168.138.23', 0, 1, 7, ''),
	(15, '192.168.138.24', 0, 1, 8, ''),
	(16, '192.168.138.25', 0, 1, 8, ''),
	(17, '192.168.138.26', 0, 1, 9, ''),
	(18, '192.168.138.27', 0, 1, 9, ''),
	(19, '192.168.138.28', 0, 1, 10, ''),
	(20, '192.168.138.29', 0, 1, 10, '');
	
--
-- insert data for provider
--

INSERT INTO `tb_provider`(`id`,`name`,`address`) VALUES
	(1, '欧润吉食品有限公司', '山东威海'),
	(2, '同心食品有限公司', '山东威海'),
	(3, '松冠食品有限公司', '山东威海'),
	(4, '丰盛食品有限公司', '山东威海'),
	(5, '绿尔佳食品有限公司 ', '山东威海'),
	(6, '众浩鑫食品有限公司', '山东威海'),
	(7, '新美香食品有限公司', '山东威海'),
	(8, '亚亨食品有限公司', '山东威海'),
	(9, '澳华食品有限公司', '山东威海'),
	(10, '味佳食品有限公司', '山东威海'),
	(11, '五丰食品有限公司', '山东威海'),
	(12, '佳润食品有限公司', '山东威海'),
	(13, '惠康食品有限公司', '山东威海'),
	(14, '宏达食品有限公司', '山东威海'),
	(15, '广益食品有限公司', '山东威海'),
	(16, '天合食品有限公司', '山东威海'),
	(17, '恒达食品有限公司', '山东威海'),
	(18, '鸿方缘食品有限公司', '山东威海'),
	(19, '荣汇耀有限公司', '山东威海'),
	(20, '新辉国有限公司', '山东威海'),
	(21, '茂盈信有限公司', '山东威海'),
	(22, '隆昌晶有限公司', '山东威海'),
	(23, '百晶谦有限公司', '山东威海'),
	(24, '昌宏亚有限公司', '山东威海'),
	(25, '中恒升有限公司', '山东威海'),
	(26, '辉德永有限公司', '山东威海'),
	(27, '益和吉有限公司', '山东威海'),
	(28, '皇广鼎有限公司', '山东威海'),
	(30, '久鑫弘有限公司', '山东威海');
	
--
-- insert data for goods_type
--

INSERT INTO `tb_goods_type`(`id`, `name`, `images`, `price`, `address`, `company`) VALUES 
	(1, '百事可乐', '', '300', '山东威海', 'hitwh-gt'),
	(2, '零度可乐', '', '300', '山东威海', 'hitwh-gt'),
	(3, '康师傅红烧牛肉面', '', '400', '山东威海', 'hitwh-gt'),
	(4, '康师傅香辣牛肉面', '', '400', '山东威海', 'hitwh-gt'),
	(5, '康师傅鲜虾鱼板面', '', '400', '山东威海', 'hitwh-gt'),
	(6, '康师傅老坛泡椒牛肉面', '', '400', '山东威海', 'hitwh-gt'),
	(7, '康师傅香菇炖鸡面', '', '400', '山东威海', 'hitwh-gt'),
	(8, '统一卤香牛肉面', '', '400', '山东威海', 'hitwh-gt'),
	(9, '统一葱爆牛肉面', '', '400', '山东威海', 'hitwh-gt'),
	(10, '统一老坛酸菜牛肉面', '', '400', '山东威海', 'hitwh-gt'),
	(11, '今麦郎葱油排骨面', '', '400', '山东威海', 'hitwh-gt'),
	(12, '今麦郎香锅', '', '400', '山东威海', 'hitwh-gt'),
	(13, '伊利纯牛奶', '', '300', '山东威海', 'hitwh-gt'),
	(14, '伊利纯牛奶(24盒装)', '', '6480', '山东威海', 'hitwh-gt'),
	(15, '蒙牛特仑苏纯牛奶(16盒装)', '', '7200', '山东威海', 'hitwh-gt'),
	(16, '德芙巧克力(碗装252g)', '', '3000', '山东威海', 'hitwh-gt'),
	(17, '农夫山泉 饮用水', '', '200', '山东威海', 'hitwh-gt'),
	(18, '农夫山泉 饮用水(24瓶装/1箱)', '', '3400', '山东威海', 'hitwh-gt'),
	(19, '农夫山泉 饮用水(12瓶装/1箱)', '', '1700', '山东威海', 'hitwh-gt'),
	(20, '六个核桃240ml(罐装)',  '', '600', '山东威海', 'hitwh-gt'),
	(21, '椰树牌椰子汁245ml(盒装)',  '', '500', '山东威海', 'hitwh-gt'),
	(22, '王老吉凉茶310ml(经典红罐)',  '', '350', '山东威海', 'hitwh-gt'),
	(23, '加多宝凉茶310ml(罐装)',  '', '350', '山东威海', 'hitwh-gt'),
	(24,  '统一阿萨姆奶茶', '', '500', '山东威海', 'hitwh-gt'),
	(25,  '康师傅冰红茶250ml', '', '250', '山东威海', 'hitwh-gt'),
	(26,  '统一绿茶500ml', '', '250', '山东威海', 'hitwh-gt'),
	(27,  '雀巢咖啡268ml', '', '200', '山东威海', 'hitwh-gt'),
	(28,  '乐虎维生素功能饮料380ml', '', '400', '山东威海', 'hitwh-gt'),
	(29,  '红牛维生素功能饮料250ml', '', '600', '山东威海', 'hitwh-gt'),
	(30,  '卫龙大面筋106g', '', '250', '山东威海', 'hitwh-gt');

--
-- insert data for provider_goods
--

INSERT INTO `tb_provider_goods`(`id`, `provider_id`, `type_id`, `price`, `count`, `handover_num`, `create_time`, `status`) VALUES
	(1, 1, 1, 300, 100, 10, unix_timestamp(), 1),
	(2, 1, 2, 300, 100, 10, unix_timestamp(), 1),
	(3, 2, 3, 400, 100, 10, unix_timestamp(), 1),
	(4, 2, 4, 400, 100, 10, unix_timestamp(), 1),
	(5, 2, 5, 400, 100, 10, unix_timestamp(), 1),
	(6, 2, 6, 400, 100, 10, unix_timestamp(), 1),
	(7, 2, 7, 400, 100, 10, unix_timestamp(), 1),
	(8, 3, 8, 400, 100, 10, unix_timestamp(), 1),
	(9, 3, 9, 400, 100, 10, unix_timestamp(), 1),
	(10, 3, 10, 400, 100, 10, unix_timestamp(), 1),
	(11, 4, 11, 400, 100, 10, unix_timestamp(), 1),
	(12, 4, 12, 400, 100, 10, unix_timestamp(), 1),
	(13, 5, 13, 300, 100, 10, unix_timestamp(), 1),
	(14, 5, 14, 6480, 100, 10, unix_timestamp(), 1),
	(15, 6, 15, 7200, 100, 10, unix_timestamp(), 1),
	(16, 7, 16, 3000, 100, 0, unix_timestamp(), 1),
	(17, 8, 17, 200, 100, 0, unix_timestamp(), 1),
	(18, 8, 18, 3400, 100, 0, unix_timestamp(), 1),
	(19, 8, 19, 1700, 100, 0, unix_timestamp(), 1),
	(20, 9, 20, 600, 100, 0, unix_timestamp(), 1),
	(21, 9, 21, 500, 100, 0, unix_timestamp(), 1),
	(22, 10, 22, 350, 100, 0, unix_timestamp(), 1),
	(23, 11, 23, 350, 100, 0, unix_timestamp(), 1),
	(24, 12, 24, 500, 100, 0, unix_timestamp(), 1),
	(25, 12, 25, 250, 100, 0, unix_timestamp(), 1),
	(26, 12, 26, 250, 100, 0, unix_timestamp(), 1),
	(27, 13, 27, 200, 100, 0, unix_timestamp(), 1),
	(28, 14, 28, 400, 400, 0, unix_timestamp(), 1),
	(29, 15, 29, 550, 550, 0, unix_timestamp(), 1),
	(30, 16, 30, 300, 100, 0, unix_timestamp(), 1);

--
-- insert data for tb_goods
--

INSERT INTO `tb_goods`(`id`,`type_id`, `manufacture_date`, `batch_number`, `status`) VALUES
	('20128101000100000000000000000001', 1, unix_timestamp(), '123456', 1),
	('20128101000100000000000000000002', 1, unix_timestamp(), '123456', 1),
	('20128101000100000000000000000003', 1, unix_timestamp(), '123456', 1),
	('20128101000100000000000000000004', 1, unix_timestamp(), '123456', 1),
	('20128101000100000000000000000005', 1, unix_timestamp(), '123456', 1),
	('20128101000100000000000000000006', 1, unix_timestamp(), '123456', 1),
	('20128101000100000000000000000007', 1, unix_timestamp(), '123456', 1),
	('20128101000100000000000000000008', 1, unix_timestamp(), '123456', 1),
	('20128101000100000000000000000009', 1, unix_timestamp(), '123456', 1),
	('20128101000100000000000000000010', 1, unix_timestamp(), '123456', 1),
	('20128101000200000000000000000001', 2, unix_timestamp(), '123456', 1),
	('20128101000200000000000000000002', 2, unix_timestamp(), '123456', 1),
	('20128101000200000000000000000003', 2, unix_timestamp(), '123456', 1),
	('20128101000200000000000000000004', 2, unix_timestamp(), '123456', 1),
	('20128101000200000000000000000005', 2, unix_timestamp(), '123456', 1),
	('20128101000200000000000000000006', 2, unix_timestamp(), '123456', 1),
	('20128101000200000000000000000007', 2, unix_timestamp(), '123456', 1),
	('20128101000200000000000000000008', 2, unix_timestamp(), '123456', 1),
	('20128101000200000000000000000009', 2, unix_timestamp(), '123456', 1),
	('20128101000200000000000000000010', 2, unix_timestamp(), '123456', 1),
	('20128101000300000000000000000001', 3, unix_timestamp(), '123456', 1),
	('20128101000300000000000000000002', 3, unix_timestamp(), '123456', 1),
	('20128101000300000000000000000003', 3, unix_timestamp(), '123456', 1),
	('20128101000300000000000000000004', 3, unix_timestamp(), '123456', 1),
	('20128101000300000000000000000005', 3, unix_timestamp(), '123456', 1),
	('20128101000300000000000000000006', 3, unix_timestamp(), '123456', 1),
	('20128101000300000000000000000007', 3, unix_timestamp(), '123456', 1),
	('20128101000300000000000000000008', 3, unix_timestamp(), '123456', 1),
	('20128101000300000000000000000009', 3, unix_timestamp(), '123456', 1),
	('20128101000300000000000000000010', 3, unix_timestamp(), '123456', 1),
	('20128101000400000000000000000001', 4, unix_timestamp(), '123456', 1),
	('20128101000400000000000000000002', 4, unix_timestamp(), '123456', 1),
	('20128101000400000000000000000003', 4, unix_timestamp(), '123456', 1),
	('20128101000400000000000000000004', 4, unix_timestamp(), '123456', 1),
	('20128101000400000000000000000005', 4, unix_timestamp(), '123456', 1),
	('20128101000400000000000000000006', 4, unix_timestamp(), '123456', 1),
	('20128101000400000000000000000007', 4, unix_timestamp(), '123456', 1),
	('20128101000400000000000000000008', 4, unix_timestamp(), '123456', 1),
	('20128101000400000000000000000009', 4, unix_timestamp(), '123456', 1),
	('20128101000400000000000000000010', 4, unix_timestamp(), '123456', 1),
	('20128101000500000000000000000001', 5, unix_timestamp(), '123456', 1),
	('20128101000500000000000000000002', 5, unix_timestamp(), '123456', 1),
	('20128101000500000000000000000003', 5, unix_timestamp(), '123456', 1),
	('20128101000500000000000000000004', 5, unix_timestamp(), '123456', 1),
	('20128101000500000000000000000005', 5, unix_timestamp(), '123456', 1),
	('20128101000500000000000000000006', 5, unix_timestamp(), '123456', 1),
	('20128101000500000000000000000007', 5, unix_timestamp(), '123456', 1),
	('20128101000500000000000000000008', 5, unix_timestamp(), '123456', 1),
	('20128101000500000000000000000009', 5, unix_timestamp(), '123456', 1),
	('20128101000500000000000000000010', 5, unix_timestamp(), '123456', 1),
	('20128101000600000000000000000001', 6, unix_timestamp(), '123456', 1),
	('20128101000600000000000000000002', 6, unix_timestamp(), '123456', 1),
	('20128101000600000000000000000003', 6, unix_timestamp(), '123456', 1),
	('20128101000600000000000000000004', 6, unix_timestamp(), '123456', 1),
	('20128101000600000000000000000005', 6, unix_timestamp(), '123456', 1),
	('20128101000600000000000000000006', 6, unix_timestamp(), '123456', 1),
	('20128101000600000000000000000007', 6, unix_timestamp(), '123456', 1),
	('20128101000600000000000000000008', 6, unix_timestamp(), '123456', 1),
	('20128101000600000000000000000009', 6, unix_timestamp(), '123456', 1),
	('20128101000600000000000000000010', 6, unix_timestamp(), '123456', 1),
	('20128101000700000000000000000001', 7, unix_timestamp(), '123456', 1),
	('20128101000700000000000000000002', 7, unix_timestamp(), '123456', 1),
	('20128101000700000000000000000003', 7, unix_timestamp(), '123456', 1),
	('20128101000700000000000000000004', 7, unix_timestamp(), '123456', 1),
	('20128101000700000000000000000005', 7, unix_timestamp(), '123456', 1),
	('20128101000700000000000000000006', 7, unix_timestamp(), '123456', 1),
	('20128101000700000000000000000007', 7, unix_timestamp(), '123456', 1),
	('20128101000700000000000000000008', 7, unix_timestamp(), '123456', 1),
	('20128101000700000000000000000009', 7, unix_timestamp(), '123456', 1),
	('20128101000700000000000000000010', 7, unix_timestamp(), '123456', 1),
	('20128101000800000000000000000001', 8, unix_timestamp(), '123456', 1),
	('20128101000800000000000000000002', 8, unix_timestamp(), '123456', 1),
	('20128101000800000000000000000003', 8, unix_timestamp(), '123456', 1),
	('20128101000800000000000000000004', 8, unix_timestamp(), '123456', 1),
	('20128101000800000000000000000005', 8, unix_timestamp(), '123456', 1),
	('20128101000800000000000000000006', 8, unix_timestamp(), '123456', 1),
	('20128101000800000000000000000007', 8, unix_timestamp(), '123456', 1),
	('20128101000800000000000000000008', 8, unix_timestamp(), '123456', 1),
	('20128101000800000000000000000009', 8, unix_timestamp(), '123456', 1),
	('20128101000800000000000000000010', 8, unix_timestamp(), '123456', 1),
	('20128101000900000000000000000001', 9, unix_timestamp(), '123456', 1),
	('20128101000900000000000000000002', 9, unix_timestamp(), '123456', 1),
	('20128101000900000000000000000003', 9, unix_timestamp(), '123456', 1),
	('20128101000900000000000000000004', 9, unix_timestamp(), '123456', 1),
	('20128101000900000000000000000005', 9, unix_timestamp(), '123456', 1),
	('20128101000900000000000000000006', 9, unix_timestamp(), '123456', 1),
	('20128101000900000000000000000007', 9, unix_timestamp(), '123456', 1),
	('20128101000900000000000000000008', 9, unix_timestamp(), '123456', 1),
	('20128101000900000000000000000009', 9, unix_timestamp(), '123456', 1),
	('20128101000900000000000000000010', 9, unix_timestamp(), '123456', 1),
	('20128101001000000000000000000001', 10, unix_timestamp(), '123456', 1),
	('20128101001000000000000000000002', 10, unix_timestamp(), '123456', 1),
	('20128101001000000000000000000003', 10, unix_timestamp(), '123456', 1),
	('20128101001000000000000000000004', 10, unix_timestamp(), '123456', 1),
	('20128101001000000000000000000005', 10, unix_timestamp(), '123456', 1),
	('20128101001000000000000000000006', 10, unix_timestamp(), '123456', 1),
	('20128101001000000000000000000007', 10, unix_timestamp(), '123456', 1),
	('20128101001000000000000000000008', 10, unix_timestamp(), '123456', 1),
	('20128101001000000000000000000009', 10, unix_timestamp(), '123456', 1),
	('20128101001000000000000000000010', 10, unix_timestamp(), '123456', 1),
	('20128101001100000000000000000001', 11, unix_timestamp(), '123456', 1),
	('20128101001100000000000000000002', 11, unix_timestamp(), '123456', 1),
	('20128101001100000000000000000003', 11, unix_timestamp(), '123456', 1),
	('20128101001100000000000000000004', 11, unix_timestamp(), '123456', 1),
	('20128101001100000000000000000005', 11, unix_timestamp(), '123456', 1),
	('20128101001100000000000000000006', 11, unix_timestamp(), '123456', 1),
	('20128101001100000000000000000007', 11, unix_timestamp(), '123456', 1),
	('20128101001100000000000000000008', 11, unix_timestamp(), '123456', 1),
	('20128101001100000000000000000009', 11, unix_timestamp(), '123456', 1),
	('20128101001100000000000000000010', 11, unix_timestamp(), '123456', 1),
	('20128101001200000000000000000001', 12, unix_timestamp(), '123456', 1),
	('20128101001200000000000000000002', 12, unix_timestamp(), '123456', 1),
	('20128101001200000000000000000003', 12, unix_timestamp(), '123456', 1),
	('20128101001200000000000000000004', 12, unix_timestamp(), '123456', 1),
	('20128101001200000000000000000005', 12, unix_timestamp(), '123456', 1),
	('20128101001200000000000000000006', 12, unix_timestamp(), '123456', 1),
	('20128101001200000000000000000007', 12, unix_timestamp(), '123456', 1),
	('20128101001200000000000000000008', 12, unix_timestamp(), '123456', 1),
	('20128101001200000000000000000009', 12, unix_timestamp(), '123456', 1),
	('20128101001200000000000000000010', 12, unix_timestamp(), '123456', 1),
	('20128101001300000000000000000001', 13, unix_timestamp(), '123456', 1),
	('20128101001300000000000000000002', 13, unix_timestamp(), '123456', 1),
	('20128101001300000000000000000003', 13, unix_timestamp(), '123456', 1),
	('20128101001300000000000000000004', 13, unix_timestamp(), '123456', 1),
	('20128101001300000000000000000005', 13, unix_timestamp(), '123456', 1),
	('20128101001300000000000000000006', 13, unix_timestamp(), '123456', 1),
	('20128101001300000000000000000007', 13, unix_timestamp(), '123456', 1),
	('20128101001300000000000000000008', 13, unix_timestamp(), '123456', 1),
	('20128101001300000000000000000009', 13, unix_timestamp(), '123456', 1),
	('20128101001300000000000000000010', 13, unix_timestamp(), '123456', 1),
	('20128101001400000000000000000001', 14, unix_timestamp(), '123456', 1),
	('20128101001400000000000000000002', 14, unix_timestamp(), '123456', 1),
	('20128101001400000000000000000003', 14, unix_timestamp(), '123456', 1),
	('20128101001400000000000000000004', 14, unix_timestamp(), '123456', 1),
	('20128101001400000000000000000005', 14, unix_timestamp(), '123456', 1),
	('20128101001400000000000000000006', 14, unix_timestamp(), '123456', 1),
	('20128101001400000000000000000007', 14, unix_timestamp(), '123456', 1),
	('20128101001400000000000000000008', 14, unix_timestamp(), '123456', 1),
	('20128101001400000000000000000009', 14, unix_timestamp(), '123456', 1),
	('20128101001400000000000000000010', 14, unix_timestamp(), '123456', 1),
	('20128101001500000000000000000001', 15, unix_timestamp(), '123456', 1),
	('20128101001500000000000000000002', 15, unix_timestamp(), '123456', 1),
	('20128101001500000000000000000003', 15, unix_timestamp(), '123456', 1),
	('20128101001500000000000000000004', 15, unix_timestamp(), '123456', 1),
	('20128101001500000000000000000005', 15, unix_timestamp(), '123456', 1),
	('20128101001500000000000000000006', 15, unix_timestamp(), '123456', 1),
	('20128101001500000000000000000007', 15, unix_timestamp(), '123456', 1),
	('20128101001500000000000000000008', 15, unix_timestamp(), '123456', 1),
	('20128101001500000000000000000009', 15, unix_timestamp(), '123456', 1),
	('20128101001500000000000000000010', 15, unix_timestamp(), '123456', 1);
	
--
-- insert data for tb_discount
--

INSERT INTO `tb_discount`(`id`, `name`, `extent`, `coin`, `create_time`, `expire_time`, `count`, `rest`, `remark`) VALUES
	(2, '9折', 0.9, 0, unix_timestamp(), 1893456000, 2147483647, 2147483647, ''),
	(3, '8折', 0.8, 0, unix_timestamp(), 1893456000, 2147483647, 2147483647, ''),
	(4, '7折', 0.7, 0, unix_timestamp(), 1893456000, 2147483647, 2147483647, ''),
	(5, '6折', 0.6, 0, unix_timestamp(), 1893456000, 2147483647, 2147483647, ''),
	(6, '5折', 0.5, 0, unix_timestamp(), 1893456000, 2147483647, 2147483647, ''),
	(7, '4折', 0.4, 0, unix_timestamp(), 1893456000, 2147483647, 2147483647, ''),
	(8, '3折', 0.3, 0, unix_timestamp(), 1893456000, 2147483647, 2147483647, ''),
	(9, '2折', 0.2, 0, unix_timestamp(), 1893456000, 2147483647, 2147483647, ''),
	(10, '1折', 0.1, 0, unix_timestamp(), 1893456000, 2147483647, 2147483647, ''),
	(11, '立减5分', 0, -5, unix_timestamp(), 1893456000, 2147483647, 2147483647, '');
	
--
-- insert data for tb_discount_goods
--

INSERT INTO `tb_discount_goods`(`id`, `discount_id`, `goods_type_id`, `count`, `rest`, `create_time`, `expire_time`, `remark`) VALUES
	(1, 2, 1, 0, 0, 0, 0, ''),
	(2, 11, 1, 0, 0, 0, 0, ''),
	(3, 2, 2, 0, 0, 0, 0, ''),
	(4, 11, 2, 0, 0, 0, 0, ''),
	(5, 2, 3, 0, 0, 0, 0, ''),
	(6, 2, 3, 0, 0, 0, 0, ''),
	(7, 2, 4, 0, 0, 0, 0, ''),
	(8, 11, 4, 0, 0, 0, 0, ''),
	(9, 2, 5, 0, 0, 0, 0, ''),
	(10, 11, 5, 0, 0, 0, 0, ''),
	(11, 2, 6, 0, 0, 0, 0, ''),
	(12, 11, 6, 0, 0, 0, 0, ''),
	(13, 2, 7, 0, 0, 0, 0, ''),
	(14, 11, 7, 0, 0, 0, 0, ''),
	(15, 11, 8, 0, 0, 0, 0, '');
	